,,,jump0,jump1,jump2,jump3,jump4
-1,<classifiers.svm_classifiers.SVM_Linear.SVMLinear100 object at 0x127d6f7d0>,100,0.3478260869565218,0.7894736842105263,0.4444444444444445,0.6250000000000001,0.5454545454545454
-1,<classifiers.svm_classifiers.SVM_Linear.SVMLinear10 object at 0x114253790>,100,0.3478260869565218,0.7222222222222223,0.5,0.6250000000000001,0.5454545454545454
-1,<classifiers.svm_classifiers.SVM_Linear.SVMLinearModel object at 0x127d38550>,100,0.4545454545454545,0.7567567567567568,0.5517241379310344,0.7428571428571428,0.6086956521739131
-1,<classifiers.svm_classifiers.SVM_Linear.SVMLinearP1 object at 0x114253590>,100,0.5217391304347827,0.7567567567567568,0.6666666666666666,0.6666666666666666,0.6086956521739131
-1,<classifiers.svm_classifiers.SVM_Linear.SVMLinearP01 object at 0x114253450>,100,0.5833333333333334,0.7777777777777778,0.6923076923076924,0.7567567567567567,0.6666666666666666
