,,,jump0,jump1,jump2,jump3,jump4
-1,<classifiers.svm_classifiers.SVM_Linear.SVMLinear100 object at 0x125d74710>,100,0.56,0.6666666666666667,0.6000000000000001,0.6285714285714287,0.6666666666666666
-1,<classifiers.svm_classifiers.SVM_Linear.SVMLinear10 object at 0x112333690>,100,0.5217391304347827,0.6666666666666667,0.6000000000000001,0.6285714285714287,0.6666666666666666
-1,<classifiers.svm_classifiers.SVM_Linear.SVMLinearModel object at 0x125d3a310>,100,0.5833333333333334,0.7000000000000001,0.5806451612903226,0.7428571428571428,0.6666666666666666
-1,<classifiers.svm_classifiers.SVM_Linear.SVMLinearP1 object at 0x112333510>,100,0.5833333333333334,0.7222222222222223,0.6000000000000001,0.6666666666666666,0.6666666666666666
-1,<classifiers.svm_classifiers.SVM_Linear.SVMLinearP01 object at 0x125e13e10>,100,0.5833333333333334,0.7222222222222223,0.6666666666666666,0.7567567567567567,0.7199999999999999
