,,,jump0,jump1,jump2,jump3,jump4
-1,<classifiers.svm_classifiers.SVM_Linear.SVMLinear100 object at 0x111a9b710>,100,0.6923076923076923,0.6842105263157896,0.7333333333333334,0.6842105263157895,0.64
-1,<classifiers.svm_classifiers.SVM_Linear.SVMLinear10 object at 0x111a9b550>,100,0.6923076923076923,0.6842105263157896,0.7333333333333334,0.6842105263157895,0.64
-1,<classifiers.svm_classifiers.SVM_Linear.SVMLinearModel object at 0x1254a7350>,100,0.64,0.631578947368421,0.6875000000000001,0.7058823529411765,0.5599999999999999
-1,<classifiers.svm_classifiers.SVM_Linear.SVMLinearP1 object at 0x111a9b410>,100,0.6923076923076923,0.7222222222222223,0.7407407407407408,0.7027027027027027,0.64
-1,<classifiers.svm_classifiers.SVM_Linear.SVMLinearP01 object at 0x124957b50>,100,0.6923076923076923,0.7894736842105263,0.6923076923076924,0.7428571428571428,0.6923076923076924
