,,,jump0,jump1,jump2,jump3,jump4
-1,<classifiers.svm_classifiers.SVM_Linear.SVMLinear100 object at 0x127d6f7d0>,100,0.43478260869565216,0.7368421052631579,0.4444444444444445,0.6250000000000001,0.6086956521739131
-1,<classifiers.svm_classifiers.SVM_Linear.SVMLinear10 object at 0x114253790>,100,0.43478260869565216,0.7027027027027029,0.5,0.6250000000000001,0.6086956521739131
-1,<classifiers.svm_classifiers.SVM_Linear.SVMLinearModel object at 0x127d38550>,100,0.5833333333333334,0.7027027027027029,0.4444444444444445,0.7428571428571428,0.6086956521739131
-1,<classifiers.svm_classifiers.SVM_Linear.SVMLinearP1 object at 0x114253590>,100,0.5217391304347827,0.7222222222222223,0.6206896551724138,0.7058823529411765,0.6086956521739131
-1,<classifiers.svm_classifiers.SVM_Linear.SVMLinearP01 object at 0x114253450>,100,0.5833333333333334,0.7222222222222223,0.6153846153846153,0.7567567567567567,0.6666666666666666
