,,,jump0,jump1,jump2,jump3,jump4
-1,<classifiers.svm_classifiers.SVM_Linear.SVMLinear100 object at 0x127d6f7d0>,100,0.6153846153846153,0.7317073170731707,0.6923076923076924,0.6666666666666666,0.5
-1,<classifiers.svm_classifiers.SVM_Linear.SVMLinear10 object at 0x114253790>,100,0.64,0.7499999999999999,0.6923076923076924,0.6857142857142857,0.5
-1,<classifiers.svm_classifiers.SVM_Linear.SVMLinearModel object at 0x127d38550>,100,0.5217391304347827,0.7999999999999999,0.6666666666666666,0.7222222222222222,0.5
-1,<classifiers.svm_classifiers.SVM_Linear.SVMLinearP1 object at 0x114253590>,100,0.64,0.7567567567567568,0.6153846153846153,0.7368421052631577,0.5217391304347826
-1,<classifiers.svm_classifiers.SVM_Linear.SVMLinearP01 object at 0x114253450>,100,0.5833333333333334,0.7567567567567568,0.7142857142857143,0.7428571428571428,0.64
