,,,jump0,jump1,jump2,jump3,jump4
-1,<classifiers.svm_classifiers.SVM_Linear.SVMLinear100 object at 0x127d6f7d0>,100,0.5217391304347827,0.7368421052631579,0.6923076923076924,0.5714285714285715,0.5833333333333334
-1,<classifiers.svm_classifiers.SVM_Linear.SVMLinear10 object at 0x114253790>,100,0.5217391304347827,0.7368421052631579,0.6923076923076924,0.5714285714285715,0.5833333333333334
-1,<classifiers.svm_classifiers.SVM_Linear.SVMLinearModel object at 0x127d38550>,100,0.5833333333333334,0.7027027027027029,0.6000000000000001,0.7027027027027027,0.5454545454545454
-1,<classifiers.svm_classifiers.SVM_Linear.SVMLinearP1 object at 0x114253590>,100,0.5833333333333334,0.7368421052631579,0.6666666666666666,0.6111111111111112,0.6086956521739131
-1,<classifiers.svm_classifiers.SVM_Linear.SVMLinearP01 object at 0x114253450>,100,0.5833333333333334,0.7567567567567568,0.6153846153846153,0.7027027027027027,0.6086956521739131
