,,,jump0,jump1,jump2,jump3,jump4
-1,<classifiers.svm_classifiers.SVM_Linear.SVMLinear100 object at 0x111a9b710>,100,0.6923076923076923,0.6153846153846153,0.7857142857142857,0.7027027027027027,0.5925925925925926
-1,<classifiers.svm_classifiers.SVM_Linear.SVMLinear10 object at 0x111a9b550>,100,0.6923076923076923,0.6153846153846153,0.7407407407407408,0.7027027027027027,0.5925925925925926
-1,<classifiers.svm_classifiers.SVM_Linear.SVMLinearModel object at 0x1254a7350>,100,0.64,0.631578947368421,0.6428571428571429,0.7058823529411765,0.5925925925925926
-1,<classifiers.svm_classifiers.SVM_Linear.SVMLinearP1 object at 0x111a9b410>,100,0.6923076923076923,0.7567567567567568,0.6923076923076924,0.7222222222222222,0.6923076923076924
-1,<classifiers.svm_classifiers.SVM_Linear.SVMLinearP01 object at 0x124957b50>,100,0.6923076923076923,0.8205128205128205,0.5833333333333334,0.7428571428571428,0.6923076923076924
