,,,jump0,jump1,jump2,jump3,jump4
-1,<classifiers.svm_classifiers.SVM_Linear.SVMLinear100 object at 0x111a9b710>,100,0.6923076923076923,0.717948717948718,0.7142857142857143,0.7027027027027027,0.64
-1,<classifiers.svm_classifiers.SVM_Linear.SVMLinear10 object at 0x111a9b550>,100,0.6923076923076923,0.7499999999999999,0.7586206896551724,0.7027027027027027,0.64
-1,<classifiers.svm_classifiers.SVM_Linear.SVMLinearModel object at 0x1254a7350>,100,0.64,0.717948717948718,0.689655172413793,0.7222222222222222,0.5384615384615384
-1,<classifiers.svm_classifiers.SVM_Linear.SVMLinearP1 object at 0x111a9b410>,100,0.6923076923076923,0.7368421052631579,0.6923076923076924,0.7027027027027027,0.64
-1,<classifiers.svm_classifiers.SVM_Linear.SVMLinearP01 object at 0x124957b50>,100,0.5833333333333334,0.7894736842105263,0.6923076923076924,0.7222222222222222,0.6923076923076924
