,,,jump0,jump1,jump2,jump3,jump4
-1,<classifiers.svm_classifiers.SVM_Linear.SVMLinear100 object at 0x125d74710>,100,0.6923076923076923,0.7142857142857143,0.689655172413793,0.717948717948718,0.5599999999999999
-1,<classifiers.svm_classifiers.SVM_Linear.SVMLinear10 object at 0x112333690>,100,0.6923076923076923,0.6976744186046512,0.6666666666666666,0.717948717948718,0.5599999999999999
-1,<classifiers.svm_classifiers.SVM_Linear.SVMLinearModel object at 0x125d3a310>,100,0.5833333333333334,0.7441860465116279,0.7142857142857143,0.7027027027027027,0.5925925925925926
-1,<classifiers.svm_classifiers.SVM_Linear.SVMLinearP1 object at 0x112333510>,100,0.64,0.7368421052631579,0.6153846153846153,0.717948717948718,0.6153846153846153
-1,<classifiers.svm_classifiers.SVM_Linear.SVMLinearP01 object at 0x125e13e10>,100,0.5833333333333334,0.7894736842105263,0.6923076923076924,0.6857142857142857,0.64
