,,,jump0,jump1,jump2,jump3,jump4
-1,<classifiers.svm_classifiers.SVM_Linear.SVMLinear100 object at 0x111a9b710>,100,0.5185185185185186,0.7368421052631579,0.6000000000000001,0.6666666666666666,0.5217391304347826
-1,<classifiers.svm_classifiers.SVM_Linear.SVMLinear10 object at 0x111a9b550>,100,0.5185185185185186,0.7692307692307693,0.6000000000000001,0.6666666666666666,0.5217391304347826
-1,<classifiers.svm_classifiers.SVM_Linear.SVMLinearModel object at 0x1254a7350>,100,0.5833333333333334,0.7368421052631579,0.6666666666666666,0.6857142857142857,0.5217391304347826
-1,<classifiers.svm_classifiers.SVM_Linear.SVMLinearP1 object at 0x111a9b410>,100,0.6153846153846153,0.7027027027027029,0.5925925925925927,0.6857142857142857,0.6086956521739131
-1,<classifiers.svm_classifiers.SVM_Linear.SVMLinearP01 object at 0x124957b50>,100,0.5833333333333334,0.7567567567567568,0.5833333333333334,0.7222222222222222,0.6086956521739131
