,,,jump0,jump1,jump2,jump3,jump4
-1,<classifiers.svm_classifiers.SVM_Linear.SVMLinear100 object at 0x127d6f7d0>,100,0.64,0.6666666666666665,0.6153846153846153,0.6857142857142857,0.5925925925925926
-1,<classifiers.svm_classifiers.SVM_Linear.SVMLinear10 object at 0x114253790>,100,0.64,0.6857142857142856,0.6153846153846153,0.6857142857142857,0.5925925925925926
-1,<classifiers.svm_classifiers.SVM_Linear.SVMLinearModel object at 0x127d38550>,100,0.5833333333333334,0.6666666666666665,0.6153846153846153,0.7428571428571428,0.5925925925925926
-1,<classifiers.svm_classifiers.SVM_Linear.SVMLinearP1 object at 0x114253590>,100,0.64,0.7894736842105263,0.6666666666666666,0.7428571428571428,0.5925925925925926
-1,<classifiers.svm_classifiers.SVM_Linear.SVMLinearP01 object at 0x114253450>,100,0.5217391304347827,0.7428571428571429,0.7142857142857143,0.6857142857142857,0.6923076923076924
